kind,seq_len,MAE,RMSE,R2,AdjR2,best_val_loss
lstm,5,0.06129133701324463,0.07112552225589752,0.09570401692428998,0.013495291190134595,0.0032986528240144253
