kind,seq_len,MAE,RMSE,R2,AdjR2,best_val_loss
physics_delta,1,0.04739213362336159,0.07222290337085724,0.47638352657882443,0.45272615579172315,0.002464774064719677
