kind,seq_len,MAE,RMSE,R2,AdjR2,best_val_loss
mlp,1,0.06341315060853958,0.08794368803501129,0.22362290416456532,0.1885456257382656,0.0033587764482945204
