kind,seq_len,MAE,RMSE,R2,AdjR2,best_val_loss
transformer_lite,5,0.05646101385354996,0.06542308628559113,0.23489377728999938,0.16533866613454473,0.0027935707475990057
