kind,seq_len,MAE,RMSE,R2,AdjR2,best_val_loss
gru,5,0.06058751791715622,0.07335563004016876,0.03810755371733443,-0.04933721412654424,0.0038274989929050207
