variant,n_missions,mean_abs_time_error_s,std_abs_time_error_s,mean_abs_time_error_pct,std_abs_time_error_pct,mean_abs_energy_error_J,std_abs_energy_error_J,mean_signed_time_error_s,mean_signed_energy_error_J
learned_model,10,17.553917169570923,36.29523962843095,25.978163045968245,24.039490520827517,1355.9499434503027,2784.7227022333013,-14.112463521957398,-1041.513027812721
uniform_speed_plus_static_energy,10,32.871648781115226,50.18740286776521,47.85552587269481,13.965926450624428,1571.8134373605349,2996.4049917210095,-32.871648781115226,-1049.7539449683566
median_speed_plus_static_energy,10,32.722735002504024,50.344595652201775,46.05912577640106,14.77812034942311,1593.993918530911,3064.4686305839787,-32.47961757174694,-1071.9344261387328
